{"mse_loss": 0.0890800803899765, "mse_weight": 1.0, "mse_grad_norm": 66.87030029296875, "_timestamp": 1740165947.1110039, "_runtime": 84.85719084739685, "_step": 8750, "_wandb": {"runtime": 84}}