{"_wandb":{"runtime":177},"mse_loss":1.1357020639479742e-06,"mse_weight":1,"_timestamp":1.740344892103452e+09,"_runtime":177.889747,"_step":7999}