{"_wandb": {"runtime": 2}, "mse_loss": 3.3840253353118896, "mse_weight": 1.0, "mse_grad_norm": 3.0155489444732666, "_timestamp": 1740161741.71237, "_runtime": 2.7118098735809326, "_step": 0}