{"mse_weight":1,"_wandb":{"runtime":109},"_timestamp":1.740313300665065e+09,"_runtime":109.519334,"_step":4999,"mse_loss":1.5966857063176576e-06}