{"mse_loss": 0.0004037836042698473, "mse_weight": 1.0, "mse_grad_norm": 5.319475173950195, "_timestamp": 1740171040.582604, "_runtime": 4817.738450050354, "_step": 285320}