{"_runtime":109.477146,"_step":4999,"mse_loss":1.6672643141646404e-06,"mse_weight":1,"_wandb":{"runtime":109},"_timestamp":1.740263982686979e+09}