{"_runtime":677.968376,"train/l2_weight":9.999999974752427e-07,"_wandb":{"runtime":677},"_step":500,"train/l2_loss":490.5502014160156,"train/mse_weight":1,"_timestamp":1.7717253050635421e+09,"train/mse_loss":0.002411543857306242,"train/val_error":0.002684709383174777}