{"l2_weight":9.999999974752427e-07,"l2_loss":474.53759765625,"_wandb":{"runtime":364},"_timestamp":1.76999548120416e+09,"_runtime":364.537125,"mse_loss":0.00015481199079658836,"_step":39800,"mse_weight":1,"val_error":0.0001439173793187365}