{"_timestamp":1.740432208496208e+09,"_runtime":20.617497,"_step":1194,"_wandb":{"runtime":20},"mse_loss":3.1464780477108434e-05,"mse_weight":1}