{"_runtime":129.302621,"_step":15984,"mse_loss":1.9773196981986985e-06,"mse_weight":1,"_wandb":{"runtime":129},"_timestamp":1.740236161990409e+09}