{"mse_weight":1,"_timestamp":1.7404346019803362e+09,"_runtime":1011.424195,"_wandb":{"runtime":1011},"_step":29999,"mse_loss":0.00020913266052957624}