{"_wandb":{"runtime":111},"mse_loss":3.4951774523506174e-06,"mse_weight":1,"_timestamp":1.740319994546145e+09,"_runtime":111.913936,"_step":4999}