{"mse_weight":1,"_timestamp":1.7404274920605838e+09,"_runtime":302.540714,"_step":14997,"_wandb":{"runtime":302},"mse_loss":0.00022045215882826596}