{"_runtime":1105.329417,"_wandb":{"runtime":1105},"_step":29999,"mse_loss":3.237318014726043e-05,"mse_weight":1,"_timestamp":1.740446465939899e+09}