{"mse_weight":1,"_timestamp":1.740419774888479e+09,"_wandb":{"runtime":182},"_runtime":182.036477,"_step":7999,"mse_loss":1.1357020639479742e-06}