{"_runtime":14.117661,"_step":1194,"mse_loss":3.1464780477108434e-05,"mse_weight":1,"_wandb":{"runtime":14},"_timestamp":1.7404323141508632e+09}