{"mse_weight":1,"_timestamp":1.740422920087104e+09,"_runtime":787.93679,"_step":73963,"_wandb":{"runtime":787},"mse_loss":0.004002949222922325}