{"mse_loss": 0.8553422689437866, "mse_weight": 1.0, "mse_grad_norm": 418.6439514160156, "_timestamp": 1740166028.1698282, "_runtime": 48.10157108306885, "_step": 2166}