{"_wandb":{"runtime":43},"mse_loss":4.98968074680306e-06,"mse_weight":1,"_timestamp":1.74026373957365e+09,"_runtime":43.34638,"_step":1999}