{"mse_loss": 0.007563611026853323, "mse_weight": 1.0, "mse_grad_norm": 9.177684783935547, "_timestamp": 1740164694.042052, "_runtime": 187.85066103935242, "_step": 25756, "_wandb": {"runtime": 187}}