{"_step":7999,"_wandb":{"runtime":173},"mse_loss":1.1357020639479742e-06,"mse_weight":1,"_timestamp":1.740412038717227e+09,"_runtime":173.948708}