{"train/l2_loss":399.50262451171875,"_step":500,"train/mse_weight":1,"_runtime":346.171884,"train/val_error":0.00022283285215962678,"train/mse_loss":0.0001626985613256693,"train/l2_weight":9.999999974752427e-07,"_timestamp":1.7721488578657029e+09,"_wandb":{"runtime":346}}