{"train/mse_weight":1,"_runtime":127.159153,"_timestamp":1.770086879240737e+09,"train/mse_loss":0.0013361936435103416,"train/l2_weight":9.999999974752427e-07,"train/val_error":0.0011188792996108532,"train/l2_loss":542.9534912109375,"_wandb":{"runtime":127},"_step":199}