{"_timestamp":1.7403446964600372e+09,"_runtime":138.124005,"_step":5999,"mse_loss":1.365286834698054e-06,"mse_weight":1,"_wandb":{"runtime":138}}