{"mse_loss": 0.003288327483460307, "mse_weight": 1.0, "mse_grad_norm": 7.53233528137207, "_timestamp": 1740165812.813047, "_runtime": 1106.5695559978485, "_step": 151236}