{"mse_loss": 0.0321405865252018, "mse_weight": 1.0, "mse_grad_norm": 8.773457527160645, "_timestamp": 1740164787.890048, "_runtime": 81.64655709266663, "_step": 10952}