{"_step":39800,"l2_loss":399.42230224609375,"_wandb":{"runtime":362},"mse_weight":1,"_runtime":362.474089,"val_error":0.0002821078523993492,"_timestamp":1.770085536247643e+09,"mse_loss":0.00027693528681993484,"l2_weight":9.999999974752427e-07}