{"_runtime":111.36075,"_step":4999,"_wandb":{"runtime":111},"mse_loss":4.266243649908574e-06,"mse_weight":1,"_timestamp":1.740319826672312e+09}