{"_runtime":7521.556555,"_step":159968,"_wandb":{"runtime":7521},"mse_loss":9.775030775927007e-07,"mse_weight":1,"_timestamp":1.740339284408831e+09}