{"_wandb":{"runtime":1134},"mse_loss":3.237318014726043e-05,"mse_weight":1,"_timestamp":1.740444588196118e+09,"_runtime":1134.05938,"_step":29999}