{"_step":29997,"_wandb":{"runtime":655},"mse_loss":3.417115658521652e-05,"mse_weight":1,"_timestamp":1.740428191326578e+09,"_runtime":655.522212}