{
  "timestamp": "2026-03-05T22:31:05",
  "tags": {},
  "model": "elastic",
  "free_variables": {
    "matrix_modulus": 2627.092041015625,
    "a11": 0.8999999761581421,
    "a22": 0.19907790422439575
  },
  "fixed_inputs": {
    "e1": 240000.0,
    "e2": 14000.0,
    "g12": 28000.0,
    "f_nu12": 0.2,
    "f_nu23": 0.45,
    "ar": 21.0,
    "fiber_massfrac": 0.2,
    "fiber_density": 1800.0,
    "matrix_poisson": 0.35,
    "matrix_density": 1250.0,
    "a12": 0.0,
    "a13": 0.0,
    "a23": 0.0
  },
  "bounds": {
    "matrix_modulus": [
      2000.0,
      4000.0
    ],
    "a11": [
      0.4,
      0.9
    ],
    "a22": [
      0.01,
      0.3
    ]
  },
  "predicted_outputs": {
    "E1": 15448.371564660116,
    "E2": 5503.442392814061,
    "E3": 4294.743425047765,
    "G12": 2669.398813930878,
    "G13": 834.99340475276,
    "G23": 934.6853487527853,
    "nu12": 0.4560701594192152,
    "nu13": 0.2110862370157677,
    "nu23": 0.3951875787281032
  },
  "target_outputs": {
    "E1": 15400.0,
    "E2": 5100.0,
    "E3": 4900.0
  },
  "final_optimiser_error": 0.18907790639639024,
  "solver": {
    "method": "lbfgs",
    "maxiter": 300,
    "tol": 1e-09,
    "constraint_penalty": 0.0
  }
}