{
  "timestamp": "2026-03-05T22:23:46",
  "tags": {},
  "model": "elastic",
  "free_variables": {
    "matrix_modulus": 3200.64697265625,
    "a11": 0.7606179118156433,
    "a22": 0.13113079965114594
  },
  "fixed_inputs": {
    "e1": 260000.0,
    "e2": 14000.0,
    "g12": 28000.0,
    "f_nu12": 0.2,
    "f_nu23": 0.25,
    "ar": 21.0,
    "fiber_massfrac": 0.2,
    "fiber_density": 1800.0,
    "matrix_poisson": 0.35,
    "matrix_density": 1250.0,
    "a12": 0.0,
    "a13": 0.0,
    "a23": 0.0
  },
  "bounds": {
    "matrix_modulus": [
      2000.0,
      4000.0
    ],
    "a11": [
      0.4,
      0.9
    ],
    "a22": [
      0.01,
      0.3
    ]
  },
  "predicted_outputs": {
    "E1": 15399.999843989184,
    "E2": 5099.9997177942705,
    "E3": 4899.999602617432,
    "G12": 2452.7928232311065,
    "G13": 2302.708054679921,
    "G23": 1782.5109857021525,
    "nu12": 0.3868219908828789,
    "nu13": 0.3700749535188619,
    "nu23": 0.41937152875860456
  },
  "target_outputs": {
    "E1": 15400.0,
    "E2": 5100.0,
    "E3": 4900.0
  },
  "final_optimiser_error": 0.13938208221522475,
  "solver": {
    "method": "lbfgs",
    "maxiter": 300,
    "tol": 1e-09,
    "constraint_penalty": 10000.0
  }
}