{
  "timestamp": "2026-03-05T22:27:37",
  "tags": {},
  "model": "elastic",
  "free_variables": {
    "matrix_modulus": 3262.77587890625,
    "a11": 0.7720447778701782,
    "a22": 0.12668076157569885
  },
  "fixed_inputs": {
    "e1": 240000.0,
    "e2": 14000.0,
    "g12": 28000.0,
    "f_nu12": 0.2,
    "f_nu23": 0.25,
    "ar": 21.0,
    "fiber_massfrac": 0.2,
    "fiber_density": 1800.0,
    "matrix_poisson": 0.35,
    "matrix_density": 1250.0,
    "a12": 0.0,
    "a13": 0.0,
    "a23": 0.0
  },
  "bounds": {
    "matrix_modulus": [
      2000.0,
      4000.0
    ],
    "a11": [
      0.4,
      0.9
    ],
    "a22": [
      0.01,
      0.3
    ]
  },
  "predicted_outputs": {
    "E1": 15399.998649809604,
    "E2": 5100.00300582949,
    "E3": 4900.001753952755,
    "G12": 2427.9490163193664,
    "G13": 2263.854361231758,
    "G23": 1778.755274374106,
    "nu12": 0.38514431830705864,
    "nu13": 0.3661397985004317,
    "nu23": 0.42294680199592855
  },
  "target_outputs": {
    "E1": 15400.0,
    "E2": 5100.0,
    "E3": 4900.0
  },
  "final_optimiser_error": 0.12795521477418093,
  "solver": {
    "method": "lbfgs",
    "maxiter": 300,
    "tol": 1e-09,
    "constraint_penalty": 1000.0
  }
}