{
  "timestamp": "2026-03-05T22:32:17",
  "tags": {},
  "model": "elastic",
  "free_variables": {
    "matrix_modulus": 3262.191650390625,
    "a11": 0.7712631225585938,
    "a22": 0.12715090811252594
  },
  "fixed_inputs": {
    "e1": 240000.0,
    "e2": 14000.0,
    "g12": 28000.0,
    "f_nu12": 0.2,
    "f_nu23": 0.45,
    "ar": 21.0,
    "fiber_massfrac": 0.2,
    "fiber_density": 1800.0,
    "matrix_poisson": 0.35,
    "matrix_density": 1250.0,
    "a12": 0.0,
    "a13": 0.0,
    "a23": 0.0
  },
  "bounds": {
    "matrix_modulus": [
      2000.0,
      4000.0
    ],
    "a11": [
      0.4,
      0.9
    ],
    "a22": [
      0.01,
      0.3
    ]
  },
  "predicted_outputs": {
    "E1": 15400.004123555824,
    "E2": 5099.998711597164,
    "E3": 4900.00203209954,
    "G12": 2427.319331198854,
    "G13": 2258.948396740085,
    "G23": 1765.712456153805,
    "nu12": 0.38574808104650854,
    "nu13": 0.3668115805794102,
    "nu23": 0.43248049423063467
  },
  "target_outputs": {
    "E1": 15400.0,
    "E2": 5100.0,
    "E3": 4900.0
  },
  "final_optimiser_error": 0.3712631126025596,
  "solver": {
    "method": "lbfgs",
    "maxiter": 300,
    "tol": 1e-09,
    "constraint_penalty": 100.0
  }
}