{
  "timestamp": "2026-03-05T22:31:20",
  "tags": {},
  "model": "elastic",
  "free_variables": {
    "matrix_modulus": 2627.102294921875,
    "a11": 0.8999999761581421,
    "a22": 0.1990600824356079
  },
  "fixed_inputs": {
    "e1": 240000.0,
    "e2": 14000.0,
    "g12": 28000.0,
    "f_nu12": 0.2,
    "f_nu23": 0.45,
    "ar": 21.0,
    "fiber_massfrac": 0.2,
    "fiber_density": 1800.0,
    "matrix_poisson": 0.35,
    "matrix_density": 1250.0,
    "a12": 0.0,
    "a13": 0.0,
    "a23": 0.0
  },
  "bounds": {
    "matrix_modulus": [
      2000.0,
      4000.0
    ],
    "a11": [
      0.4,
      0.9
    ],
    "a22": [
      0.01,
      0.3
    ]
  },
  "predicted_outputs": {
    "E1": 15448.600418063179,
    "E2": 5503.12950003575,
    "E3": 4294.553159392986,
    "G12": 2669.270146515434,
    "G13": 835.0532012434372,
    "G23": 934.7410133030202,
    "nu12": 0.456066841812643,
    "nu13": 0.21109992267998332,
    "nu23": 0.3952086580800051
  },
  "target_outputs": {
    "E1": 15400.0,
    "E2": 5100.0,
    "E3": 4900.0
  },
  "final_optimiser_error": 0.1009399248772011,
  "solver": {
    "method": "lbfgs",
    "maxiter": 300,
    "tol": 1e-09,
    "constraint_penalty": 100000.0
  }
}