{
  "timestamp": "2026-03-05T22:32:07",
  "tags": {},
  "model": "elastic",
  "free_variables": {
    "matrix_modulus": 2627.889404296875,
    "a11": 0.8999999761581421,
    "a22": 0.19732078909873962
  },
  "fixed_inputs": {
    "e1": 240000.0,
    "e2": 14000.0,
    "g12": 28000.0,
    "f_nu12": 0.2,
    "f_nu23": 0.45,
    "ar": 21.0,
    "fiber_massfrac": 0.2,
    "fiber_density": 1800.0,
    "matrix_poisson": 0.35,
    "matrix_density": 1250.0,
    "a12": 0.0,
    "a13": 0.0,
    "a23": 0.0
  },
  "bounds": {
    "matrix_modulus": [
      2000.0,
      4000.0
    ],
    "a11": [
      0.4,
      0.9
    ],
    "a22": [
      0.01,
      0.3
    ]
  },
  "predicted_outputs": {
    "E1": 15470.16814533804,
    "E2": 5472.295140579857,
    "E3": 4275.798272888705,
    "G12": 2656.5504458162586,
    "G13": 840.8431634237161,
    "G23": 940.1283501317005,
    "nu12": 0.4557399465430705,
    "nu13": 0.21243815782889852,
    "nu23": 0.3972637983081959
  },
  "target_outputs": {
    "E1": 15400.0,
    "E2": 5100.0,
    "E3": 4900.0
  },
  "final_optimiser_error": 0.18732078658954898,
  "solver": {
    "method": "lbfgs",
    "maxiter": 300,
    "tol": 1e-09,
    "constraint_penalty": 10000000.0
  }
}