{
  "timestamp": "2026-03-05T22:23:12",
  "tags": {},
  "model": "elastic",
  "free_variables": {
    "matrix_modulus": 2000.0,
    "a11": 0.4000000059604645,
    "a22": 0.2976710796356201
  },
  "fixed_inputs": {
    "e1": 260000.0,
    "e2": 14000.0,
    "g12": 28000.0,
    "f_nu12": 0.2,
    "f_nu23": 0.25,
    "ar": 21.0,
    "fiber_massfrac": 0.2,
    "fiber_density": 1800.0,
    "matrix_poisson": 0.35,
    "matrix_density": 1250.0,
    "a12": 0.0,
    "a13": 0.0,
    "a23": 0.0
  },
  "bounds": {
    "matrix_modulus": [
      2000.0,
      4000.0
    ],
    "a11": [
      0.4,
      0.9
    ],
    "a22": [
      0.01,
      0.3
    ]
  },
  "predicted_outputs": {
    "E1": 5619.635874696015,
    "E2": 4580.314147680996,
    "E3": 4618.038427274878,
    "G12": 1930.2475274884841,
    "G13": 1932.3981163946257,
    "G23": 1745.3697785941386,
    "nu12": 0.3262690330043991,
    "nu13": 0.3243965097743532,
    "nu23": 0.31257393586280147
  },
  "target_outputs": {
    "E1": 15.4,
    "E2": 5.1,
    "E3": 4.9
  },
  "final_optimiser_error": 0.2876710647344589,
  "solver": {
    "method": "lbfgs",
    "maxiter": 300,
    "tol": 1e-09,
    "constraint_penalty": 10000.0
  }
}