{
  "timestamp": "2026-03-05T22:30:44",
  "tags": {},
  "model": "elastic",
  "free_variables": {
    "matrix_modulus": 3262.19091796875,
    "a11": 0.771263062953949,
    "a22": 0.12715116143226624
  },
  "fixed_inputs": {
    "e1": 240000.0,
    "e2": 14000.0,
    "g12": 28000.0,
    "f_nu12": 0.2,
    "f_nu23": 0.45,
    "ar": 21.0,
    "fiber_massfrac": 0.2,
    "fiber_density": 1800.0,
    "matrix_poisson": 0.35,
    "matrix_density": 1250.0,
    "a12": 0.0,
    "a13": 0.0,
    "a23": 0.0
  },
  "bounds": {
    "matrix_modulus": [
      2000.0,
      4000.0
    ],
    "a11": [
      0.4,
      0.9
    ],
    "a22": [
      0.01,
      0.3
    ]
  },
  "predicted_outputs": {
    "E1": 15400.000334494694,
    "E2": 5099.99997273695,
    "E3": 4899.999974489241,
    "G12": 2427.3205943578355,
    "G13": 2258.9466237395422,
    "G23": 1765.7122004860744,
    "nu12": 0.38574821979260193,
    "nu13": 0.3668114419016764,
    "nu23": 0.43248058707892945
  },
  "target_outputs": {
    "E1": 15400.0,
    "E2": 5100.0,
    "E3": 4900.0
  },
  "final_optimiser_error": 0.3712630521985939,
  "solver": {
    "method": "lbfgs",
    "maxiter": 300,
    "tol": 1e-09,
    "constraint_penalty": 0.0
  }
}