{"mse_loss":0.0008993372321128845,"l2_weight":9.999999974752427e-07,"_step":3800,"mse_weight":1,"_timestamp":1.769994415961025e+09,"l2_loss":1020.7890625,"val_error":0.0008396984776481986,"_runtime":41.466071,"_wandb":{"runtime":41}}