{"_runtime":116.438833,"_step":4999,"_wandb":{"runtime":116},"mse_loss":2.207318175351247e-06,"mse_weight":1,"_timestamp":1.7403194742296472e+09}