{"_timestamp":1.740236004019073e+09,"_runtime":28.413132,"_step":1998,"_wandb":{"runtime":28},"mse_loss":0.0009658713242970407,"mse_weight":1}