{"_runtime":14.061729,"_step":1194,"_wandb":{"runtime":14},"mse_loss":3.1464780477108434e-05,"mse_weight":1,"_timestamp":1.740432343869998e+09}