{"_timestamp":1.740313163843885e+09,"_runtime":108.474753,"_wandb":{"runtime":108},"_step":4999,"mse_loss":1.4599388578062644e-06,"mse_weight":1}