{"mse_weight":1,"_timestamp":1.7403201445258539e+09,"_runtime":114.038029,"_step":4999,"mse_loss":3.0947123832447687e-06,"_wandb":{"runtime":114}}