{"_runtime":147.308976,"_wandb":{"runtime":147},"_step":15984,"mse_loss":0.00013137070345692337,"mse_weight":1,"mse_grad_norm":0.027593139559030533,"_timestamp":1.7402347129799309e+09}