{"train/l2_loss":546.2731323242188,"_timestamp":1.770479704505446e+09,"train/mse_weight":1,"train/val_error":0.02315015159547329,"train/mse_loss":0.0007043655496090651,"_runtime":200.385096,"_wandb":{"runtime":200},"_step":300,"train/l2_weight":9.999999974752427e-07}