{"train/l2_loss":542.9534912109375,"train/l2_weight":9.999999974752427e-07,"train/mse_weight":1,"train/mse_loss":0.0013361936435103416,"_runtime":129.296589,"train/val_error":0.0016130245057865977,"_timestamp":1.770166868796549e+09,"_step":199,"_wandb":{"runtime":129}}