{"_step":1194,"mse_loss":3.1464780477108434e-05,"mse_weight":1,"_wandb":{"runtime":14},"_timestamp":1.740432266902784e+09,"_runtime":14.378365}