{"mse_weight":1,"_timestamp":1.740432798046813e+09,"_runtime":13.121912,"_step":897,"_wandb":{"runtime":13},"mse_loss":3.129207470919937e-05}