{"mse_loss":1.5966857063176576e-06,"mse_weight":1,"_timestamp":1.740319642666375e+09,"_runtime":112.889493,"_step":4999,"_wandb":{"runtime":112}}