{"_runtime":2357.649886,"_step":39999,"_wandb":{"runtime":2357},"mse_loss":1.5289533621398732e-05,"mse_weight":1,"_timestamp":1.740449524357124e+09}