{"mse_weight":1,"_timestamp":1.7404324527663941e+09,"_runtime":19.333177,"_step":1794,"_wandb":{"runtime":19},"mse_loss":2.789660356938839e-05}