{"_step":4999,"_wandb":{"runtime":105},"mse_loss":2.0234740532032447e-06,"mse_weight":1,"_timestamp":1.74026386977298e+09,"_runtime":105.322476}